Name	title	coding
t3_qm1eee	Teamwork with 10 teammates	c
t3_qqm6kf	AFE Financial Aid Question	o
t3_qpe7hw	Housing Accomodation	r
t3_qnp9ug	Anyone down to play online games this weekend?	o
t3_qp5j44	Concordia or uwindsor	o
t3_qpl3jr	Is graduate course withdrawal deadline today?	c
t3_qm1ai3	Discord link for SOEN	o
t3_qprn6y	Final year worries	o
t3_qr3kcf	Im thinking of taking Econ 201 or 203 this winter semester	c
t3_qnqvld	"How Prof Aimaan Hanna knows everyone name by face, even though all new students never met him ?"	c
t3_qp6cg0	Is there and art club or something that students from outside of fine arts can join?	o
t3_qouo3n	COMM 205	c
t3_qnf3mt	"To do checklist on student centre after I applied (I'm international so it asks for like visa expense documents, etc), do I need to do it before or after I have a decision?"	o
t3_qmoiy3	Do I have hope to pass my class?	c
t3_qmavtc	Unable to DISC co-requisite course	c
t3_qqg6b9	How will theology department tests work when we return to school in January?	o
t3_qrb93k	is the non credit french course better than the one with credits in concordia?	c
t3_qpxh7l	PHYS 206 - Route of least resistance?	c
t3_qnrgvm	Coffee shops to study!	f
t3_qqk482	How much financial aid money do I lose if I disc a class?	o
t3_qqi45f	Students who live alone. How you manage it out and what is your budget	r
t3_qncmqz	Anyone know any good psychoanalysts around?	o
t3_qmry9i	"Relevent post, this scammer is around Concordia (St. Catherines just west of rue Guy)"	o
t3_qmm8cj	Math 204 Advice ?	c
t3_qm2jtm	Absolute professor dilemma-&gt; Anthony Noce or Anca Alecsandru	c
t3_qpuhjr	"Have four courses, planning to disc one tonight. Would I become a part time student?"	c
t3_qqhr4n	math 204 crash course?	c
t3_qnqr6v	Conditional Offer of Admission	o
t3_qo0c3s	BTM salary upon graduation?	o
t3_qq7zbj	COMP 232 + 233 in one semester?	c
t3_qr3jm7	Can Concordia produce transcripts for an ongoing course?	c
t3_qrb4vm	interesting majors	o
t3_qpl6dx	Work-study program	o
t3_qoagdb	How do you DISC a class?	c
t3_qoec88	Construction Engineering and Management (MEng)	o
t3_qqg2sg	Minimum grade for a prerequisite course	c
t3_qm3emw	Confusion Regarding Admission	o
t3_qo535h	Im in Software Engineering and I have two options next semester. Either to take the ENGR 233 with Chantal David but take the SOEN 228 with Donald Peter Davies. OR take ENGR 233 with Alexei Kokotov but take SOEN 228 with Hakim Mella . Which option should I go for?	c
t3_qm78z3	Winter 2022 Schedule Advice	o
t3_qn079w	Soccer Tournament	o
t3_qplp47	Conconrdia Engr courses attendance policy	c
t3_qpvjxz	DISC Inquiry	c
t3_qmopar	Survey for our Statistics Class! :)	c
t3_qpr2og	"Guys , whatâ€™s the best website/app to find apartments for rent for students?"	r
t3_qratfw	Late DISC an elective	c
t3_qp2lc5	SOS tutoring for Math 209	c
t3_qm3gfp	"When looking at housing prices on the Concordia website, are the prices in CAD or USD?"	c
t3_qmx5wu	What's going on at Space Concordia	o
t3_qr5d7r	Looking for electives eng246/fina200/ital200/theo206	c
t3_qo26js	Permanent code international student.	o